protein_id	position	sequence	length	t40_binary	t40_raw	t45_binary	t45_raw	t50_binary	t50_raw	t55_binary	t55_raw	t60_binary	t60_raw	t65_binary	t65_raw	left_hand_label	right_hand_label	clash
T38N:L44M:Q69M:Y145F:A154P:T203I	-	MSKGEELFTGVVPILVELDGDVNGHKFSVSGEGEGDANYGKLTMKFICTTGKLPVPWPTLVTTLSYGVMCFSRYPDHMKQHDFFKSAMPEGYVQERTIFFKDDGNYKTRAEVKFEGDTLVNRIELKGIDFKEDGNILGHKLEYNFNSHNVYIMPDKQKNGIKVNFKIRHNIEDGSVQLADHYQQNTPIGDGPVLLPDNHYLSIQSALSKDPNEKRDHMVLLEFVTAAGITHGMDELYK	238	1	5.814e-01	1	5.511e-01	0	3.913e-01	0	4.390e-01	0	2.165e-01	0	3.878e-01	[45-50)	[45-50)	-
G4S:V61A:Q69M:Y145F:A154P:T203I	-	MSKSEELFTGVVPILVELDGDVNGHKFSVSGEGEGDATYGKLTLKFICTTGKLPVPWPTLATTLSYGVMCFSRYPDHMKQHDFFKSAMPEGYVQERTIFFKDDGNYKTRAEVKFEGDTLVNRIELKGIDFKEDGNILGHKLEYNFNSHNVYIMPDKQKNGIKVNFKIRHNIEDGSVQLADHYQQNTPIGDGPVLLPDNHYLSIQSALSKDPNEKRDHMVLLEFVTAAGITHGMDELYK	238	0	4.847e-01	0	4.375e-01	0	2.818e-01	0	3.327e-01	0	1.395e-01	0	2.853e-01	<40	<40	-
S30R:L44M:Q69M:Y145F:A154P:T203I	-	MSKGEELFTGVVPILVELDGDVNGHKFSVRGEGEGDATYGKLTMKFICTTGKLPVPWPTLVTTLSYGVMCFSRYPDHMKQHDFFKSAMPEGYVQERTIFFKDDGNYKTRAEVKFEGDTLVNRIELKGIDFKEDGNILGHKLEYNFNSHNVYIMPDKQKNGIKVNFKIRHNIEDGSVQLADHYQQNTPIGDGPVLLPDNHYLSIQSALSKDPNEKRDHMVLLEFVTAAGITHGMDELYK	238	1	6.144e-01	1	5.667e-01	0	4.304e-01	0	4.904e-01	0	2.783e-01	0	4.606e-01	[45-50)	[45-50)	-
S30R:Y39H:L44I:Q69M:Y145F:A154P	-	MSKGEELFTGVVPILVELDGDVNGHKFSVRGEGEGDATHGKLTIKFICTTGKLPVPWPTLVTTLSYGVMCFSRYPDHMKQHDFFKSAMPEGYVQERTIFFKDDGNYKTRAEVKFEGDTLVNRIELKGIDFKEDGNILGHKLEYNFNSHNVYIMPDKQKNGIKVNFKIRHNIEDGSVQLADHYQQNTPIGDGPVLLPDNHYLSTQSALSKDPNEKRDHMVLLEFVTAAGITHGMDELYK	238	1	5.536e-01	0	4.958e-01	0	3.688e-01	0	4.315e-01	0	2.104e-01	0	4.405e-01	[40-45)	[40-45)	-
L44M:Q69M:Y145F:A154P:T203I	-	MSKGEELFTGVVPILVELDGDVNGHKFSVSGEGEGDATYGKLTMKFICTTGKLPVPWPTLVTTLSYGVMCFSRYPDHMKQHDFFKSAMPEGYVQERTIFFKDDGNYKTRAEVKFEGDTLVNRIELKGIDFKEDGNILGHKLEYNFNSHNVYIMPDKQKNGIKVNFKIRHNIEDGSVQLADHYQQNTPIGDGPVLLPDNHYLSIQSALSKDPNEKRDHMVLLEFVTAAGITHGMDELYK	238	1	5.910e-01	1	5.350e-01	0	4.085e-01	0	4.805e-01	0	2.742e-01	0	4.492e-01	[45-50)	[45-50)	-
Y39H:V61I:S202H:T203H:A206K:T225E	-	MSKGEELFTGVVPILVELDGDVNGHKFSVSGEGEGDATHGKLTLKFICTTGKLPVPWPTLITTLSYGVQCFSRYPDHMKQHDFFKSAMPEGYVQERTIFFKDDGNYKTRAEVKFEGDTLVNRIELKGIDFKEDGNILGHKLEYNYNSHNVYIMADKQKNGIKVNFKIRHNIEDGSVQLADHYQQNTPIGDGPVLLPDNHYLHHQSKLSKDPNEKRDHMVLLEFVEAAGITHGMDELYK	238	1	5.745e-01	0	4.888e-01	0	3.783e-01	0	4.114e-01	0	2.702e-01	0	4.399e-01	[40-45)	[40-45)	-
T38N:L44M:Q69A:Y145F:A154P:T203I	-	MSKGEELFTGVVPILVELDGDVNGHKFSVSGEGEGDANYGKLTMKFICTTGKLPVPWPTLVTTLSYGVACFSRYPDHMKQHDFFKSAMPEGYVQERTIFFKDDGNYKTRAEVKFEGDTLVNRIELKGIDFKEDGNILGHKLEYNFNSHNVYIMPDKQKNGIKVNFKIRHNIEDGSVQLADHYQQNTPIGDGPVLLPDNHYLSIQSALSKDPNEKRDHMVLLEFVTAAGITHGMDELYK	238	1	5.638e-01	1	5.217e-01	0	3.649e-01	0	4.125e-01	0	1.928e-01	0	3.860e-01	[45-50)	[45-50)	-
L44M:Q69A:Y145F:A154P:T203I	-	MSKGEELFTGVVPILVELDGDVNGHKFSVSGEGEGDATYGKLTMKFICTTGKLPVPWPTLVTTLSYGVACFSRYPDHMKQHDFFKSAMPEGYVQERTIFFKDDGNYKTRAEVKFEGDTLVNRIELKGIDFKEDGNILGHKLEYNFNSHNVYIMPDKQKNGIKVNFKIRHNIEDGSVQLADHYQQNTPIGDGPVLLPDNHYLSIQSALSKDPNEKRDHMVLLEFVTAAGITHGMDELYK	238	1	5.826e-01	1	5.096e-01	0	3.924e-01	0	4.632e-01	0	2.549e-01	0	4.228e-01	[45-50)	[45-50)	-
Y39H:S202H:T203H:A206K:T225E	-	MSKGEELFTGVVPILVELDGDVNGHKFSVSGEGEGDATHGKLTLKFICTTGKLPVPWPTLVTTLSYGVQCFSRYPDHMKQHDFFKSAMPEGYVQERTIFFKDDGNYKTRAEVKFEGDTLVNRIELKGIDFKEDGNILGHKLEYNYNSHNVYIMADKQKNGIKVNFKIRHNIEDGSVQLADHYQQNTPIGDGPVLLPDNHYLHHQSKLSKDPNEKRDHMVLLEFVEAAGITHGMDELYK	238	1	5.406e-01	0	4.547e-01	0	3.507e-01	0	3.944e-01	0	2.313e-01	0	4.128e-01	[40-45)	[40-45)	-
S30R:Y39H:L44I:Q69M:A154P:K158R	-	MSKGEELFTGVVPILVELDGDVNGHKFSVRGEGEGDATHGKLTIKFICTTGKLPVPWPTLVTTLSYGVMCFSRYPDHMKQHDFFKSAMPEGYVQERTIFFKDDGNYKTRAEVKFEGDTLVNRIELKGIDFKEDGNILGHKLEYNYNSHNVYIMPDKQRNGIKVNFKIRHNIEDGSVQLADHYQQNTPIGDGPVLLPDNHYLSTQSALSKDPNEKRDHMVLLEFVTAAGITHGMDELYK	238	1	5.830e-01	1	5.047e-01	0	3.589e-01	0	4.189e-01	0	1.983e-01	0	4.696e-01	[45-50)	[45-50)	-
Y39H:K158N:S202H:T203H:S205T	-	MSKGEELFTGVVPILVELDGDVNGHKFSVSGEGEGDATHGKLTLKFICTTGKLPVPWPTLVTTLSYGVQCFSRYPDHMKQHDFFKSAMPEGYVQERTIFFKDDGNYKTRAEVKFEGDTLVNRIELKGIDFKEDGNILGHKLEYNYNSHNVYIMADKQNNGIKVNFKIRHNIEDGSVQLADHYQQNTPIGDGPVLLPDNHYLHHQTALSKDPNEKRDHMVLLEFVTAAGITHGMDELYK	238	1	5.769e-01	1	5.395e-01	0	4.157e-01	0	4.438e-01	0	2.414e-01	1	5.076e-01	[45-50)	65<=	*
S30R:Y39H:L44I:Q69L:Y145F:A154P	-	MSKGEELFTGVVPILVELDGDVNGHKFSVRGEGEGDATHGKLTIKFICTTGKLPVPWPTLVTTLSYGVLCFSRYPDHMKQHDFFKSAMPEGYVQERTIFFKDDGNYKTRAEVKFEGDTLVNRIELKGIDFKEDGNILGHKLEYNFNSHNVYIMPDKQKNGIKVNFKIRHNIEDGSVQLADHYQQNTPIGDGPVLLPDNHYLSTQSALSKDPNEKRDHMVLLEFVTAAGITHGMDELYK	238	1	6.027e-01	1	5.506e-01	0	4.246e-01	0	4.777e-01	0	2.753e-01	1	5.332e-01	[45-50)	65<=	*
Y39H:L44I:S202H:T203H:A206K:T225E	-	MSKGEELFTGVVPILVELDGDVNGHKFSVSGEGEGDATHGKLTIKFICTTGKLPVPWPTLVTTLSYGVQCFSRYPDHMKQHDFFKSAMPEGYVQERTIFFKDDGNYKTRAEVKFEGDTLVNRIELKGIDFKEDGNILGHKLEYNYNSHNVYIMADKQKNGIKVNFKIRHNIEDGSVQLADHYQQNTPIGDGPVLLPDNHYLHHQSKLSKDPNEKRDHMVLLEFVEAAGITHGMDELYK	238	1	5.532e-01	0	4.680e-01	0	3.586e-01	0	4.111e-01	0	2.544e-01	0	4.577e-01	[40-45)	[40-45)	-
S30R:Y39H:L44I:Q69M:A154P:S202H	-	MSKGEELFTGVVPILVELDGDVNGHKFSVRGEGEGDATHGKLTIKFICTTGKLPVPWPTLVTTLSYGVMCFSRYPDHMKQHDFFKSAMPEGYVQERTIFFKDDGNYKTRAEVKFEGDTLVNRIELKGIDFKEDGNILGHKLEYNYNSHNVYIMPDKQKNGIKVNFKIRHNIEDGSVQLADHYQQNTPIGDGPVLLPDNHYLHTQSALSKDPNEKRDHMVLLEFVTAAGITHGMDELYK	238	1	5.985e-01	1	5.242e-01	0	3.873e-01	0	4.491e-01	0	2.225e-01	1	5.034e-01	[45-50)	65<=	*
S30R:L44M:Q69A:Y145F:A154P:T203I	-	MSKGEELFTGVVPILVELDGDVNGHKFSVRGEGEGDATYGKLTMKFICTTGKLPVPWPTLVTTLSYGVACFSRYPDHMKQHDFFKSAMPEGYVQERTIFFKDDGNYKTRAEVKFEGDTLVNRIELKGIDFKEDGNILGHKLEYNFNSHNVYIMPDKQKNGIKVNFKIRHNIEDGSVQLADHYQQNTPIGDGPVLLPDNHYLSIQSALSKDPNEKRDHMVLLEFVTAAGITHGMDELYK	238	1	6.081e-01	1	5.439e-01	0	4.140e-01	0	4.728e-01	0	2.530e-01	0	4.417e-01	[45-50)	[45-50)	-
T38N:Q69M:Y145F:A154P:T203I	-	MSKGEELFTGVVPILVELDGDVNGHKFSVSGEGEGDANYGKLTLKFICTTGKLPVPWPTLVTTLSYGVMCFSRYPDHMKQHDFFKSAMPEGYVQERTIFFKDDGNYKTRAEVKFEGDTLVNRIELKGIDFKEDGNILGHKLEYNFNSHNVYIMPDKQKNGIKVNFKIRHNIEDGSVQLADHYQQNTPIGDGPVLLPDNHYLSIQSALSKDPNEKRDHMVLLEFVTAAGITHGMDELYK	238	1	5.741e-01	1	5.205e-01	0	3.709e-01	0	4.268e-01	0	2.180e-01	0	4.028e-01	[45-50)	[45-50)	-
Y39H:L44M:V61A:Q69M:A154P:T203I	-	MSKGEELFTGVVPILVELDGDVNGHKFSVSGEGEGDATHGKLTMKFICTTGKLPVPWPTLATTLSYGVMCFSRYPDHMKQHDFFKSAMPEGYVQERTIFFKDDGNYKTRAEVKFEGDTLVNRIELKGIDFKEDGNILGHKLEYNYNSHNVYIMPDKQKNGIKVNFKIRHNIEDGSVQLADHYQQNTPIGDGPVLLPDNHYLSIQSALSKDPNEKRDHMVLLEFVTAAGITHGMDELYK	238	1	5.681e-01	1	5.006e-01	0	3.334e-01	0	3.904e-01	0	1.782e-01	0	3.506e-01	[45-50)	[45-50)	-
Y39H:L44I:S202H:A206K:V224I:T225E	-	MSKGEELFTGVVPILVELDGDVNGHKFSVSGEGEGDATHGKLTIKFICTTGKLPVPWPTLVTTLSYGVQCFSRYPDHMKQHDFFKSAMPEGYVQERTIFFKDDGNYKTRAEVKFEGDTLVNRIELKGIDFKEDGNILGHKLEYNYNSHNVYIMADKQKNGIKVNFKIRHNIEDGSVQLADHYQQNTPIGDGPVLLPDNHYLHTQSKLSKDPNEKRDHMVLLEFIEAAGITHGMDELYK	238	0	4.900e-01	0	4.057e-01	0	2.558e-01	0	3.173e-01	0	1.764e-01	0	4.021e-01	<40	<40	-
Y39H:S202H:A206K:V224I:T225E	-	MSKGEELFTGVVPILVELDGDVNGHKFSVSGEGEGDATHGKLTLKFICTTGKLPVPWPTLVTTLSYGVQCFSRYPDHMKQHDFFKSAMPEGYVQERTIFFKDDGNYKTRAEVKFEGDTLVNRIELKGIDFKEDGNILGHKLEYNYNSHNVYIMADKQKNGIKVNFKIRHNIEDGSVQLADHYQQNTPIGDGPVLLPDNHYLHTQSKLSKDPNEKRDHMVLLEFIEAAGITHGMDELYK	238	1	5.049e-01	0	4.276e-01	0	2.828e-01	0	3.322e-01	0	1.814e-01	0	3.962e-01	[40-45)	[40-45)	-
T38N:N105C:A154P:T203Y:V224I:T225E	-	MSKGEELFTGVVPILVELDGDVNGHKFSVSGEGEGDANYGKLTLKFICTTGKLPVPWPTLVTTLSYGVQCFSRYPDHMKQHDFFKSAMPEGYVQERTIFFKDDGCYKTRAEVKFEGDTLVNRIELKGIDFKEDGNILGHKLEYNYNSHNVYIMPDKQKNGIKVNFKIRHNIEDGSVQLADHYQQNTPIGDGPVLLPDNHYLSYQSALSKDPNEKRDHMVLLEFIEAAGITHGMDELYK	238	0	4.997e-01	0	4.260e-01	0	2.761e-01	0	3.347e-01	0	1.563e-01	0	3.190e-01	<40	<40	-
Y39H:V61I:S202H:T203H:A206E:T225E	-	MSKGEELFTGVVPILVELDGDVNGHKFSVSGEGEGDATHGKLTLKFICTTGKLPVPWPTLITTLSYGVQCFSRYPDHMKQHDFFKSAMPEGYVQERTIFFKDDGNYKTRAEVKFEGDTLVNRIELKGIDFKEDGNILGHKLEYNYNSHNVYIMADKQKNGIKVNFKIRHNIEDGSVQLADHYQQNTPIGDGPVLLPDNHYLHHQSELSKDPNEKRDHMVLLEFVEAAGITHGMDELYK	238	1	5.601e-01	0	4.787e-01	0	3.835e-01	0	3.971e-01	0	2.683e-01	0	4.260e-01	[40-45)	[40-45)	-
Y39H:V61I:K158N:S202H:T203H:S205T	-	MSKGEELFTGVVPILVELDGDVNGHKFSVSGEGEGDATHGKLTLKFICTTGKLPVPWPTLITTLSYGVQCFSRYPDHMKQHDFFKSAMPEGYVQERTIFFKDDGNYKTRAEVKFEGDTLVNRIELKGIDFKEDGNILGHKLEYNYNSHNVYIMADKQNNGIKVNFKIRHNIEDGSVQLADHYQQNTPIGDGPVLLPDNHYLHHQTALSKDPNEKRDHMVLLEFVTAAGITHGMDELYK	238	1	5.859e-01	1	5.507e-01	0	4.170e-01	0	4.477e-01	0	2.340e-01	1	5.057e-01	[45-50)	65<=	*
Y39H:V61I:S202H:T203H:S205T:L220V	-	MSKGEELFTGVVPILVELDGDVNGHKFSVSGEGEGDATHGKLTLKFICTTGKLPVPWPTLITTLSYGVQCFSRYPDHMKQHDFFKSAMPEGYVQERTIFFKDDGNYKTRAEVKFEGDTLVNRIELKGIDFKEDGNILGHKLEYNYNSHNVYIMADKQKNGIKVNFKIRHNIEDGSVQLADHYQQNTPIGDGPVLLPDNHYLHHQTALSKDPNEKRDHMVVLEFVTAAGITHGMDELYK	238	1	5.726e-01	1	5.083e-01	0	3.693e-01	0	4.113e-01	0	1.940e-01	0	4.590e-01	[45-50)	[45-50)	-
G4S:L44M:V61A:Y145F:A154P:T203I	-	MSKSEELFTGVVPILVELDGDVNGHKFSVSGEGEGDATYGKLTMKFICTTGKLPVPWPTLATTLSYGVQCFSRYPDHMKQHDFFKSAMPEGYVQERTIFFKDDGNYKTRAEVKFEGDTLVNRIELKGIDFKEDGNILGHKLEYNFNSHNVYIMPDKQKNGIKVNFKIRHNIEDGSVQLADHYQQNTPIGDGPVLLPDNHYLSIQSALSKDPNEKRDHMVLLEFVTAAGITHGMDELYK	238	0	4.444e-01	0	4.155e-01	0	2.441e-01	0	2.856e-01	0	9.910e-02	0	1.920e-01	<40	<40	-
Y39H:L44M:Q69M:Y145F:A154P:T203I	-	MSKGEELFTGVVPILVELDGDVNGHKFSVSGEGEGDATHGKLTMKFICTTGKLPVPWPTLVTTLSYGVMCFSRYPDHMKQHDFFKSAMPEGYVQERTIFFKDDGNYKTRAEVKFEGDTLVNRIELKGIDFKEDGNILGHKLEYNFNSHNVYIMPDKQKNGIKVNFKIRHNIEDGSVQLADHYQQNTPIGDGPVLLPDNHYLSIQSALSKDPNEKRDHMVLLEFVTAAGITHGMDELYK	238	1	5.774e-01	1	5.461e-01	0	3.863e-01	0	4.320e-01	0	2.123e-01	0	3.644e-01	[45-50)	[45-50)	-
S30R:T38N:Y39H:A154P:S202H:V224I	-	MSKGEELFTGVVPILVELDGDVNGHKFSVRGEGEGDANHGKLTLKFICTTGKLPVPWPTLVTTLSYGVQCFSRYPDHMKQHDFFKSAMPEGYVQERTIFFKDDGNYKTRAEVKFEGDTLVNRIELKGIDFKEDGNILGHKLEYNYNSHNVYIMPDKQKNGIKVNFKIRHNIEDGSVQLADHYQQNTPIGDGPVLLPDNHYLHTQSALSKDPNEKRDHMVLLEFITAAGITHGMDELYK	238	1	5.451e-01	0	4.689e-01	0	3.082e-01	0	3.424e-01	0	1.467e-01	0	3.164e-01	[40-45)	[40-45)	-
Y39H:S202H:T203H:S205T:L220V	-	MSKGEELFTGVVPILVELDGDVNGHKFSVSGEGEGDATHGKLTLKFICTTGKLPVPWPTLVTTLSYGVQCFSRYPDHMKQHDFFKSAMPEGYVQERTIFFKDDGNYKTRAEVKFEGDTLVNRIELKGIDFKEDGNILGHKLEYNYNSHNVYIMADKQKNGIKVNFKIRHNIEDGSVQLADHYQQNTPIGDGPVLLPDNHYLHHQTALSKDPNEKRDHMVVLEFVTAAGITHGMDELYK	238	1	5.792e-01	1	5.291e-01	0	4.091e-01	0	4.574e-01	0	2.468e-01	1	5.459e-01	[45-50)	65<=	*
S30R:Y39H:L44I:Y145F:A154P:S202H	-	MSKGEELFTGVVPILVELDGDVNGHKFSVRGEGEGDATHGKLTIKFICTTGKLPVPWPTLVTTLSYGVQCFSRYPDHMKQHDFFKSAMPEGYVQERTIFFKDDGNYKTRAEVKFEGDTLVNRIELKGIDFKEDGNILGHKLEYNFNSHNVYIMPDKQKNGIKVNFKIRHNIEDGSVQLADHYQQNTPIGDGPVLLPDNHYLHTQSALSKDPNEKRDHMVLLEFVTAAGITHGMDELYK	238	1	5.639e-01	1	5.133e-01	0	3.855e-01	0	4.407e-01	0	2.268e-01	0	4.826e-01	[45-50)	[45-50)	-
S30R:Y39H:Q69M:N105C:Y145F:A154P	-	MSKGEELFTGVVPILVELDGDVNGHKFSVRGEGEGDATHGKLTLKFICTTGKLPVPWPTLVTTLSYGVMCFSRYPDHMKQHDFFKSAMPEGYVQERTIFFKDDGCYKTRAEVKFEGDTLVNRIELKGIDFKEDGNILGHKLEYNFNSHNVYIMPDKQKNGIKVNFKIRHNIEDGSVQLADHYQQNTPIGDGPVLLPDNHYLSTQSALSKDPNEKRDHMVLLEFVTAAGITHGMDELYK	238	1	5.798e-01	1	5.035e-01	0	3.988e-01	0	4.500e-01	0	2.297e-01	0	4.721e-01	[45-50)	[45-50)	-
Y39H:V61L:S202H:T203H:A206K:T225E	-	MSKGEELFTGVVPILVELDGDVNGHKFSVSGEGEGDATHGKLTLKFICTTGKLPVPWPTLLTTLSYGVQCFSRYPDHMKQHDFFKSAMPEGYVQERTIFFKDDGNYKTRAEVKFEGDTLVNRIELKGIDFKEDGNILGHKLEYNYNSHNVYIMADKQKNGIKVNFKIRHNIEDGSVQLADHYQQNTPIGDGPVLLPDNHYLHHQSKLSKDPNEKRDHMVLLEFVEAAGITHGMDELYK	238	1	5.449e-01	0	4.341e-01	0	3.506e-01	0	3.999e-01	0	2.133e-01	0	3.412e-01	[40-45)	[40-45)	-
Y39H:V61I:S202H:A206K:V224I:T225E	-	MSKGEELFTGVVPILVELDGDVNGHKFSVSGEGEGDATHGKLTLKFICTTGKLPVPWPTLITTLSYGVQCFSRYPDHMKQHDFFKSAMPEGYVQERTIFFKDDGNYKTRAEVKFEGDTLVNRIELKGIDFKEDGNILGHKLEYNYNSHNVYIMADKQKNGIKVNFKIRHNIEDGSVQLADHYQQNTPIGDGPVLLPDNHYLHTQSKLSKDPNEKRDHMVLLEFIEAAGITHGMDELYK	238	1	5.011e-01	0	4.140e-01	0	2.625e-01	0	3.077e-01	0	1.679e-01	0	3.731e-01	[40-45)	[40-45)	-
S30R:Y39H:Y145F:A154P:K158R:N198Y	-	MSKGEELFTGVVPILVELDGDVNGHKFSVRGEGEGDATHGKLTLKFICTTGKLPVPWPTLVTTLSYGVQCFSRYPDHMKQHDFFKSAMPEGYVQERTIFFKDDGNYKTRAEVKFEGDTLVNRIELKGIDFKEDGNILGHKLEYNFNSHNVYIMPDKQRNGIKVNFKIRHNIEDGSVQLADHYQQNTPIGDGPVLLPDYHYLSTQSALSKDPNEKRDHMVLLEFVTAAGITHGMDELYK	238	1	5.888e-01	1	5.470e-01	0	4.112e-01	0	4.438e-01	0	2.490e-01	0	4.953e-01	[45-50)	[45-50)	-
S30R:Y39H:L44I:Q69A:Y145F:A154P	-	MSKGEELFTGVVPILVELDGDVNGHKFSVRGEGEGDATHGKLTIKFICTTGKLPVPWPTLVTTLSYGVACFSRYPDHMKQHDFFKSAMPEGYVQERTIFFKDDGNYKTRAEVKFEGDTLVNRIELKGIDFKEDGNILGHKLEYNFNSHNVYIMPDKQKNGIKVNFKIRHNIEDGSVQLADHYQQNTPIGDGPVLLPDNHYLSTQSALSKDPNEKRDHMVLLEFVTAAGITHGMDELYK	238	1	5.045e-01	0	4.480e-01	0	3.125e-01	0	3.798e-01	0	1.707e-01	0	3.752e-01	[40-45)	[40-45)	-
T38N:L44M:Y145F:A154P:T203I	-	MSKGEELFTGVVPILVELDGDVNGHKFSVSGEGEGDANYGKLTMKFICTTGKLPVPWPTLVTTLSYGVQCFSRYPDHMKQHDFFKSAMPEGYVQERTIFFKDDGNYKTRAEVKFEGDTLVNRIELKGIDFKEDGNILGHKLEYNFNSHNVYIMPDKQKNGIKVNFKIRHNIEDGSVQLADHYQQNTPIGDGPVLLPDNHYLSIQSALSKDPNEKRDHMVLLEFVTAAGITHGMDELYK	238	1	5.422e-01	1	5.098e-01	0	3.349e-01	0	3.801e-01	0	1.748e-01	0	3.067e-01	[45-50)	[45-50)	-
S30R:T38N:Y39H:V61I:Y145F:A154P	-	MSKGEELFTGVVPILVELDGDVNGHKFSVRGEGEGDANHGKLTLKFICTTGKLPVPWPTLITTLSYGVQCFSRYPDHMKQHDFFKSAMPEGYVQERTIFFKDDGNYKTRAEVKFEGDTLVNRIELKGIDFKEDGNILGHKLEYNFNSHNVYIMPDKQKNGIKVNFKIRHNIEDGSVQLADHYQQNTPIGDGPVLLPDNHYLSTQSALSKDPNEKRDHMVLLEFVTAAGITHGMDELYK	238	1	5.623e-01	1	5.202e-01	0	3.582e-01	0	3.834e-01	0	1.707e-01	0	3.457e-01	[45-50)	[45-50)	-
S30R:Y39H:V68I:Q69M:A206K:T225E	-	MSKGEELFTGVVPILVELDGDVNGHKFSVRGEGEGDATHGKLTLKFICTTGKLPVPWPTLVTTLSYGIMCFSRYPDHMKQHDFFKSAMPEGYVQERTIFFKDDGNYKTRAEVKFEGDTLVNRIELKGIDFKEDGNILGHKLEYNYNSHNVYIMADKQKNGIKVNFKIRHNIEDGSVQLADHYQQNTPIGDGPVLLPDNHYLSTQSKLSKDPNEKRDHMVLLEFVEAAGITHGMDELYK	238	1	5.997e-01	1	5.003e-01	0	3.868e-01	0	4.355e-01	0	2.168e-01	1	5.104e-01	[45-50)	65<=	*
S30R:T38N:Y39H:Q69M:Y145F:A154P	-	MSKGEELFTGVVPILVELDGDVNGHKFSVRGEGEGDANHGKLTLKFICTTGKLPVPWPTLVTTLSYGVMCFSRYPDHMKQHDFFKSAMPEGYVQERTIFFKDDGNYKTRAEVKFEGDTLVNRIELKGIDFKEDGNILGHKLEYNFNSHNVYIMPDKQKNGIKVNFKIRHNIEDGSVQLADHYQQNTPIGDGPVLLPDNHYLSTQSALSKDPNEKRDHMVLLEFVTAAGITHGMDELYK	238	1	5.785e-01	1	5.246e-01	0	3.814e-01	0	4.161e-01	0	1.945e-01	0	3.919e-01	[45-50)	[45-50)	-
S30R:Y39H:K158R:S202H:A206E:V224I	-	MSKGEELFTGVVPILVELDGDVNGHKFSVRGEGEGDATHGKLTLKFICTTGKLPVPWPTLVTTLSYGVQCFSRYPDHMKQHDFFKSAMPEGYVQERTIFFKDDGNYKTRAEVKFEGDTLVNRIELKGIDFKEDGNILGHKLEYNYNSHNVYIMADKQRNGIKVNFKIRHNIEDGSVQLADHYQQNTPIGDGPVLLPDNHYLHTQSELSKDPNEKRDHMVLLEFITAAGITHGMDELYK	238	1	5.418e-01	1	5.132e-01	0	3.494e-01	0	3.663e-01	0	1.784e-01	0	4.586e-01	[45-50)	[45-50)	-
S30R:Q69M:Y145F:A154P:S202H:L220I	-	MSKGEELFTGVVPILVELDGDVNGHKFSVRGEGEGDATYGKLTLKFICTTGKLPVPWPTLVTTLSYGVMCFSRYPDHMKQHDFFKSAMPEGYVQERTIFFKDDGNYKTRAEVKFEGDTLVNRIELKGIDFKEDGNILGHKLEYNFNSHNVYIMPDKQKNGIKVNFKIRHNIEDGSVQLADHYQQNTPIGDGPVLLPDNHYLHTQSALSKDPNEKRDHMVILEFVTAAGITHGMDELYK	238	1	6.152e-01	1	5.246e-01	0	4.477e-01	1	5.211e-01	0	2.746e-01	1	5.087e-01	[45-50)	65<=	*
Y39H:S205T:A206K:V224I:T225E	-	MSKGEELFTGVVPILVELDGDVNGHKFSVSGEGEGDATHGKLTLKFICTTGKLPVPWPTLVTTLSYGVQCFSRYPDHMKQHDFFKSAMPEGYVQERTIFFKDDGNYKTRAEVKFEGDTLVNRIELKGIDFKEDGNILGHKLEYNYNSHNVYIMADKQKNGIKVNFKIRHNIEDGSVQLADHYQQNTPIGDGPVLLPDNHYLSTQTKLSKDPNEKRDHMVLLEFIEAAGITHGMDELYK	238	1	5.245e-01	0	4.445e-01	0	3.125e-01	0	3.546e-01	0	1.781e-01	0	4.225e-01	[40-45)	[40-45)	-
S30R:V61I:Y145F:A154P:S202H:L220I	-	MSKGEELFTGVVPILVELDGDVNGHKFSVRGEGEGDATYGKLTLKFICTTGKLPVPWPTLITTLSYGVQCFSRYPDHMKQHDFFKSAMPEGYVQERTIFFKDDGNYKTRAEVKFEGDTLVNRIELKGIDFKEDGNILGHKLEYNFNSHNVYIMPDKQKNGIKVNFKIRHNIEDGSVQLADHYQQNTPIGDGPVLLPDNHYLHTQSALSKDPNEKRDHMVILEFVTAAGITHGMDELYK	238	1	6.199e-01	1	5.516e-01	0	4.408e-01	0	4.848e-01	0	2.755e-01	1	5.167e-01	[45-50)	65<=	*
S30R:Y39H:L44I:V61I:Y145F:A154P	-	MSKGEELFTGVVPILVELDGDVNGHKFSVRGEGEGDATHGKLTIKFICTTGKLPVPWPTLITTLSYGVQCFSRYPDHMKQHDFFKSAMPEGYVQERTIFFKDDGNYKTRAEVKFEGDTLVNRIELKGIDFKEDGNILGHKLEYNFNSHNVYIMPDKQKNGIKVNFKIRHNIEDGSVQLADHYQQNTPIGDGPVLLPDNHYLSTQSALSKDPNEKRDHMVLLEFVTAAGITHGMDELYK	238	1	5.635e-01	1	5.213e-01	0	3.799e-01	0	4.238e-01	0	2.188e-01	0	4.447e-01	[45-50)	[45-50)	-
S30R:Y39H:L44I:A154P:K158R:A206K	-	MSKGEELFTGVVPILVELDGDVNGHKFSVRGEGEGDATHGKLTIKFICTTGKLPVPWPTLVTTLSYGVQCFSRYPDHMKQHDFFKSAMPEGYVQERTIFFKDDGNYKTRAEVKFEGDTLVNRIELKGIDFKEDGNILGHKLEYNYNSHNVYIMPDKQRNGIKVNFKIRHNIEDGSVQLADHYQQNTPIGDGPVLLPDNHYLSTQSKLSKDPNEKRDHMVLLEFVTAAGITHGMDELYK	238	1	5.690e-01	0	4.842e-01	0	3.262e-01	0	3.745e-01	0	1.998e-01	0	4.526e-01	[40-45)	[40-45)	-
Y39H:L44I:V61L:S202H:A206K:T225E	-	MSKGEELFTGVVPILVELDGDVNGHKFSVSGEGEGDATHGKLTIKFICTTGKLPVPWPTLLTTLSYGVQCFSRYPDHMKQHDFFKSAMPEGYVQERTIFFKDDGNYKTRAEVKFEGDTLVNRIELKGIDFKEDGNILGHKLEYNYNSHNVYIMADKQKNGIKVNFKIRHNIEDGSVQLADHYQQNTPIGDGPVLLPDNHYLHTQSKLSKDPNEKRDHMVLLEFVEAAGITHGMDELYK	238	1	5.400e-01	0	4.301e-01	0	3.331e-01	0	3.737e-01	0	1.802e-01	0	4.543e-01	[40-45)	[40-45)	-
Y39H:L44I:S202H:T203H:A206E:T225E	-	MSKGEELFTGVVPILVELDGDVNGHKFSVSGEGEGDATHGKLTIKFICTTGKLPVPWPTLVTTLSYGVQCFSRYPDHMKQHDFFKSAMPEGYVQERTIFFKDDGNYKTRAEVKFEGDTLVNRIELKGIDFKEDGNILGHKLEYNYNSHNVYIMADKQKNGIKVNFKIRHNIEDGSVQLADHYQQNTPIGDGPVLLPDNHYLHHQSELSKDPNEKRDHMVLLEFVEAAGITHGMDELYK	238	1	5.527e-01	0	4.728e-01	0	3.657e-01	0	4.026e-01	0	2.649e-01	0	4.406e-01	[40-45)	[40-45)	-
Y39H:V61I:T203H:S205T:A206K:T225E	-	MSKGEELFTGVVPILVELDGDVNGHKFSVSGEGEGDATHGKLTLKFICTTGKLPVPWPTLITTLSYGVQCFSRYPDHMKQHDFFKSAMPEGYVQERTIFFKDDGNYKTRAEVKFEGDTLVNRIELKGIDFKEDGNILGHKLEYNYNSHNVYIMADKQKNGIKVNFKIRHNIEDGSVQLADHYQQNTPIGDGPVLLPDNHYLSHQTKLSKDPNEKRDHMVLLEFVEAAGITHGMDELYK	238	1	5.515e-01	0	4.649e-01	0	3.452e-01	0	3.894e-01	0	1.940e-01	0	4.389e-01	[40-45)	[40-45)	-
Y39H:L44M:K158N:S202H:T203H:A206E	-	MSKGEELFTGVVPILVELDGDVNGHKFSVSGEGEGDATHGKLTMKFICTTGKLPVPWPTLVTTLSYGVQCFSRYPDHMKQHDFFKSAMPEGYVQERTIFFKDDGNYKTRAEVKFEGDTLVNRIELKGIDFKEDGNILGHKLEYNYNSHNVYIMADKQNNGIKVNFKIRHNIEDGSVQLADHYQQNTPIGDGPVLLPDNHYLHHQSELSKDPNEKRDHMVLLEFVTAAGITHGMDELYK	238	1	5.447e-01	1	5.022e-01	0	3.317e-01	0	3.706e-01	0	1.639e-01	0	4.020e-01	[45-50)	[45-50)	-
Y39H:L44M:K158N:T203H:A206K:T225E	-	MSKGEELFTGVVPILVELDGDVNGHKFSVSGEGEGDATHGKLTMKFICTTGKLPVPWPTLVTTLSYGVQCFSRYPDHMKQHDFFKSAMPEGYVQERTIFFKDDGNYKTRAEVKFEGDTLVNRIELKGIDFKEDGNILGHKLEYNYNSHNVYIMADKQNNGIKVNFKIRHNIEDGSVQLADHYQQNTPIGDGPVLLPDNHYLSHQSKLSKDPNEKRDHMVLLEFVEAAGITHGMDELYK	238	1	5.397e-01	0	4.738e-01	0	3.161e-01	0	3.665e-01	0	1.680e-01	0	3.630e-01	[40-45)	[40-45)	-
S30R:T38N:Y39H:V68I:Y145F:A154P	-	MSKGEELFTGVVPILVELDGDVNGHKFSVRGEGEGDANHGKLTLKFICTTGKLPVPWPTLVTTLSYGIQCFSRYPDHMKQHDFFKSAMPEGYVQERTIFFKDDGNYKTRAEVKFEGDTLVNRIELKGIDFKEDGNILGHKLEYNFNSHNVYIMPDKQKNGIKVNFKIRHNIEDGSVQLADHYQQNTPIGDGPVLLPDNHYLSTQSALSKDPNEKRDHMVLLEFVTAAGITHGMDELYK	238	1	5.724e-01	1	5.304e-01	0	3.752e-01	0	3.960e-01	0	1.764e-01	0	3.566e-01	[45-50)	[45-50)	-
S30R:Y39H:Q69M:Y145F:A154P:K158N	-	MSKGEELFTGVVPILVELDGDVNGHKFSVRGEGEGDATHGKLTLKFICTTGKLPVPWPTLVTTLSYGVMCFSRYPDHMKQHDFFKSAMPEGYVQERTIFFKDDGNYKTRAEVKFEGDTLVNRIELKGIDFKEDGNILGHKLEYNFNSHNVYIMPDKQNNGIKVNFKIRHNIEDGSVQLADHYQQNTPIGDGPVLLPDNHYLSTQSALSKDPNEKRDHMVLLEFVTAAGITHGMDELYK	238	1	5.669e-01	1	5.179e-01	0	3.872e-01	0	4.302e-01	0	2.212e-01	0	4.294e-01	[45-50)	[45-50)	-
S30R:Y39H:Q69M:Y145I:A154P:K158R	-	MSKGEELFTGVVPILVELDGDVNGHKFSVRGEGEGDATHGKLTLKFICTTGKLPVPWPTLVTTLSYGVMCFSRYPDHMKQHDFFKSAMPEGYVQERTIFFKDDGNYKTRAEVKFEGDTLVNRIELKGIDFKEDGNILGHKLEYNINSHNVYIMPDKQRNGIKVNFKIRHNIEDGSVQLADHYQQNTPIGDGPVLLPDNHYLSTQSALSKDPNEKRDHMVLLEFVTAAGITHGMDELYK	238	1	5.632e-01	0	4.913e-01	0	3.628e-01	0	3.999e-01	0	1.863e-01	0	3.891e-01	[40-45)	[40-45)	-
T38N:Y39H:S202H:T203H:A206K:T225E	-	MSKGEELFTGVVPILVELDGDVNGHKFSVSGEGEGDANHGKLTLKFICTTGKLPVPWPTLVTTLSYGVQCFSRYPDHMKQHDFFKSAMPEGYVQERTIFFKDDGNYKTRAEVKFEGDTLVNRIELKGIDFKEDGNILGHKLEYNYNSHNVYIMADKQKNGIKVNFKIRHNIEDGSVQLADHYQQNTPIGDGPVLLPDNHYLHHQSKLSKDPNEKRDHMVLLEFVEAAGITHGMDELYK	238	1	5.620e-01	0	4.861e-01	0	3.652e-01	0	3.814e-01	0	2.350e-01	0	4.150e-01	[40-45)	[40-45)	-
S30R:Y39H:L44I:S147P:K158R:A206E	-	MSKGEELFTGVVPILVELDGDVNGHKFSVRGEGEGDATHGKLTIKFICTTGKLPVPWPTLVTTLSYGVQCFSRYPDHMKQHDFFKSAMPEGYVQERTIFFKDDGNYKTRAEVKFEGDTLVNRIELKGIDFKEDGNILGHKLEYNYNPHNVYIMADKQRNGIKVNFKIRHNIEDGSVQLADHYQQNTPIGDGPVLLPDNHYLSTQSELSKDPNEKRDHMVLLEFVTAAGITHGMDELYK	238	1	5.952e-01	1	5.435e-01	0	3.632e-01	0	4.198e-01	0	2.409e-01	1	5.375e-01	[45-50)	65<=	*
S30R:Y39H:Y145F:A154P:N198Y:S202H	-	MSKGEELFTGVVPILVELDGDVNGHKFSVRGEGEGDATHGKLTLKFICTTGKLPVPWPTLVTTLSYGVQCFSRYPDHMKQHDFFKSAMPEGYVQERTIFFKDDGNYKTRAEVKFEGDTLVNRIELKGIDFKEDGNILGHKLEYNFNSHNVYIMPDKQKNGIKVNFKIRHNIEDGSVQLADHYQQNTPIGDGPVLLPDYHYLHTQSALSKDPNEKRDHMVLLEFVTAAGITHGMDELYK	238	1	5.935e-01	1	5.557e-01	0	4.300e-01	0	4.687e-01	0	2.654e-01	1	5.152e-01	[45-50)	65<=	*
S30R:Y145F:A154P:S202H:T203Y:L220V	-	MSKGEELFTGVVPILVELDGDVNGHKFSVRGEGEGDATYGKLTLKFICTTGKLPVPWPTLVTTLSYGVQCFSRYPDHMKQHDFFKSAMPEGYVQERTIFFKDDGNYKTRAEVKFEGDTLVNRIELKGIDFKEDGNILGHKLEYNFNSHNVYIMPDKQKNGIKVNFKIRHNIEDGSVQLADHYQQNTPIGDGPVLLPDNHYLHYQSALSKDPNEKRDHMVVLEFVTAAGITHGMDELYK	238	1	5.720e-01	1	5.346e-01	0	4.073e-01	0	4.626e-01	0	2.482e-01	0	4.209e-01	[45-50)	[45-50)	-
S30R:Y39H:L44I:A154P:K158R:S202H	-	MSKGEELFTGVVPILVELDGDVNGHKFSVRGEGEGDATHGKLTIKFICTTGKLPVPWPTLVTTLSYGVQCFSRYPDHMKQHDFFKSAMPEGYVQERTIFFKDDGNYKTRAEVKFEGDTLVNRIELKGIDFKEDGNILGHKLEYNYNSHNVYIMPDKQRNGIKVNFKIRHNIEDGSVQLADHYQQNTPIGDGPVLLPDNHYLHTQSALSKDPNEKRDHMVLLEFVTAAGITHGMDELYK	238	1	5.810e-01	1	5.128e-01	0	3.549e-01	0	4.151e-01	0	1.982e-01	0	4.843e-01	[45-50)	[45-50)	-
S30R:Y39H:L44I:A154P:N198Y:S202H	-	MSKGEELFTGVVPILVELDGDVNGHKFSVRGEGEGDATHGKLTIKFICTTGKLPVPWPTLVTTLSYGVQCFSRYPDHMKQHDFFKSAMPEGYVQERTIFFKDDGNYKTRAEVKFEGDTLVNRIELKGIDFKEDGNILGHKLEYNYNSHNVYIMPDKQKNGIKVNFKIRHNIEDGSVQLADHYQQNTPIGDGPVLLPDYHYLHTQSALSKDPNEKRDHMVLLEFVTAAGITHGMDELYK	238	1	5.886e-01	1	5.252e-01	0	3.828e-01	0	4.478e-01	0	2.313e-01	1	5.274e-01	[45-50)	65<=	*
Y39H:V68I:Q69M:K158R:A206K:T225E	-	MSKGEELFTGVVPILVELDGDVNGHKFSVSGEGEGDATHGKLTLKFICTTGKLPVPWPTLVTTLSYGIMCFSRYPDHMKQHDFFKSAMPEGYVQERTIFFKDDGNYKTRAEVKFEGDTLVNRIELKGIDFKEDGNILGHKLEYNYNSHNVYIMADKQRNGIKVNFKIRHNIEDGSVQLADHYQQNTPIGDGPVLLPDNHYLSTQSKLSKDPNEKRDHMVLLEFVEAAGITHGMDELYK	238	1	5.526e-01	0	4.509e-01	0	3.271e-01	0	3.797e-01	0	1.852e-01	0	4.351e-01	[40-45)	[40-45)	-
S30R:Y39H:Q69M:Y145I:A154P:V224I	-	MSKGEELFTGVVPILVELDGDVNGHKFSVRGEGEGDATHGKLTLKFICTTGKLPVPWPTLVTTLSYGVMCFSRYPDHMKQHDFFKSAMPEGYVQERTIFFKDDGNYKTRAEVKFEGDTLVNRIELKGIDFKEDGNILGHKLEYNINSHNVYIMPDKQKNGIKVNFKIRHNIEDGSVQLADHYQQNTPIGDGPVLLPDNHYLSTQSALSKDPNEKRDHMVLLEFITAAGITHGMDELYK	238	1	5.795e-01	1	5.191e-01	0	3.899e-01	0	4.358e-01	0	2.270e-01	0	4.560e-01	[45-50)	[45-50)	-
S30R:Y39H:L44I:Q69M:A154P	-	MSKGEELFTGVVPILVELDGDVNGHKFSVRGEGEGDATHGKLTIKFICTTGKLPVPWPTLVTTLSYGVMCFSRYPDHMKQHDFFKSAMPEGYVQERTIFFKDDGNYKTRAEVKFEGDTLVNRIELKGIDFKEDGNILGHKLEYNYNSHNVYIMPDKQKNGIKVNFKIRHNIEDGSVQLADHYQQNTPIGDGPVLLPDNHYLSTQSALSKDPNEKRDHMVLLEFVTAAGITHGMDELYK	238	1	5.816e-01	0	4.981e-01	0	3.618e-01	0	4.188e-01	0	2.002e-01	0	4.591e-01	[40-45)	[40-45)	-
T38N:Q69M:N105C:A154P:T203Y:T225E	-	MSKGEELFTGVVPILVELDGDVNGHKFSVSGEGEGDANYGKLTLKFICTTGKLPVPWPTLVTTLSYGVMCFSRYPDHMKQHDFFKSAMPEGYVQERTIFFKDDGCYKTRAEVKFEGDTLVNRIELKGIDFKEDGNILGHKLEYNYNSHNVYIMPDKQKNGIKVNFKIRHNIEDGSVQLADHYQQNTPIGDGPVLLPDNHYLSYQSALSKDPNEKRDHMVLLEFVEAAGITHGMDELYK	238	1	5.613e-01	0	4.625e-01	0	3.410e-01	0	4.019e-01	0	1.949e-01	0	4.214e-01	[40-45)	[40-45)	-
S30R:T38N:N105C:A154P:T203Y:T225E	-	MSKGEELFTGVVPILVELDGDVNGHKFSVRGEGEGDANYGKLTLKFICTTGKLPVPWPTLVTTLSYGVQCFSRYPDHMKQHDFFKSAMPEGYVQERTIFFKDDGCYKTRAEVKFEGDTLVNRIELKGIDFKEDGNILGHKLEYNYNSHNVYIMPDKQKNGIKVNFKIRHNIEDGSVQLADHYQQNTPIGDGPVLLPDNHYLSYQSALSKDPNEKRDHMVLLEFVEAAGITHGMDELYK	238	1	5.703e-01	0	4.747e-01	0	3.398e-01	0	3.897e-01	0	1.712e-01	0	3.656e-01	[40-45)	[40-45)	-
Y39H:L44M:A154P:T203H:V224I:T225E	-	MSKGEELFTGVVPILVELDGDVNGHKFSVSGEGEGDATHGKLTMKFICTTGKLPVPWPTLVTTLSYGVQCFSRYPDHMKQHDFFKSAMPEGYVQERTIFFKDDGNYKTRAEVKFEGDTLVNRIELKGIDFKEDGNILGHKLEYNYNSHNVYIMPDKQKNGIKVNFKIRHNIEDGSVQLADHYQQNTPIGDGPVLLPDNHYLSHQSALSKDPNEKRDHMVLLEFIEAAGITHGMDELYK	238	0	4.832e-01	0	4.158e-01	0	2.407e-01	0	2.892e-01	0	1.205e-01	0	2.064e-01	<40	<40	-
S30R:Y39H:L44I:V68I:Q69M:A154P	-	MSKGEELFTGVVPILVELDGDVNGHKFSVRGEGEGDATHGKLTIKFICTTGKLPVPWPTLVTTLSYGIMCFSRYPDHMKQHDFFKSAMPEGYVQERTIFFKDDGNYKTRAEVKFEGDTLVNRIELKGIDFKEDGNILGHKLEYNYNSHNVYIMPDKQKNGIKVNFKIRHNIEDGSVQLADHYQQNTPIGDGPVLLPDNHYLSTQSALSKDPNEKRDHMVLLEFVTAAGITHGMDELYK	238	1	5.945e-01	1	5.051e-01	0	3.784e-01	0	4.211e-01	0	2.014e-01	0	4.510e-01	[45-50)	[45-50)	-
T38N:L44M:V61A:Q69L:A154P:T203I	-	MSKGEELFTGVVPILVELDGDVNGHKFSVSGEGEGDANYGKLTMKFICTTGKLPVPWPTLATTLSYGVLCFSRYPDHMKQHDFFKSAMPEGYVQERTIFFKDDGNYKTRAEVKFEGDTLVNRIELKGIDFKEDGNILGHKLEYNYNSHNVYIMPDKQKNGIKVNFKIRHNIEDGSVQLADHYQQNTPIGDGPVLLPDNHYLSIQSALSKDPNEKRDHMVLLEFVTAAGITHGMDELYK	238	1	6.039e-01	1	5.267e-01	0	3.482e-01	0	4.116e-01	0	2.099e-01	0	4.027e-01	[45-50)	[45-50)	-
S30R:T38N:Y39H:L44I:A154P:S202H	-	MSKGEELFTGVVPILVELDGDVNGHKFSVRGEGEGDANHGKLTIKFICTTGKLPVPWPTLVTTLSYGVQCFSRYPDHMKQHDFFKSAMPEGYVQERTIFFKDDGNYKTRAEVKFEGDTLVNRIELKGIDFKEDGNILGHKLEYNYNSHNVYIMPDKQKNGIKVNFKIRHNIEDGSVQLADHYQQNTPIGDGPVLLPDNHYLHTQSALSKDPNEKRDHMVLLEFVTAAGITHGMDELYK	238	1	5.767e-01	0	4.945e-01	0	3.252e-01	0	3.769e-01	0	1.652e-01	0	3.777e-01	[40-45)	[40-45)	-
S30R:Y39H:A154P:N198Y:S202H:V224I	-	MSKGEELFTGVVPILVELDGDVNGHKFSVRGEGEGDATHGKLTLKFICTTGKLPVPWPTLVTTLSYGVQCFSRYPDHMKQHDFFKSAMPEGYVQERTIFFKDDGNYKTRAEVKFEGDTLVNRIELKGIDFKEDGNILGHKLEYNYNSHNVYIMPDKQKNGIKVNFKIRHNIEDGSVQLADHYQQNTPIGDGPVLLPDYHYLHTQSALSKDPNEKRDHMVLLEFITAAGITHGMDELYK	238	1	5.550e-01	1	5.106e-01	0	3.650e-01	0	4.143e-01	0	1.850e-01	0	4.163e-01	[45-50)	[45-50)	-
S30R:T38N:Y39H:L44I:Y145F:A154P	-	MSKGEELFTGVVPILVELDGDVNGHKFSVRGEGEGDANHGKLTIKFICTTGKLPVPWPTLVTTLSYGVQCFSRYPDHMKQHDFFKSAMPEGYVQERTIFFKDDGNYKTRAEVKFEGDTLVNRIELKGIDFKEDGNILGHKLEYNFNSHNVYIMPDKQKNGIKVNFKIRHNIEDGSVQLADHYQQNTPIGDGPVLLPDNHYLSTQSALSKDPNEKRDHMVLLEFVTAAGITHGMDELYK	238	1	5.393e-01	0	4.939e-01	0	3.400e-01	0	3.750e-01	0	1.721e-01	0	3.535e-01	[40-45)	[40-45)	-
S30R:Y39H:Q69M:Y145I:A154P	-	MSKGEELFTGVVPILVELDGDVNGHKFSVRGEGEGDATHGKLTLKFICTTGKLPVPWPTLVTTLSYGVMCFSRYPDHMKQHDFFKSAMPEGYVQERTIFFKDDGNYKTRAEVKFEGDTLVNRIELKGIDFKEDGNILGHKLEYNINSHNVYIMPDKQKNGIKVNFKIRHNIEDGSVQLADHYQQNTPIGDGPVLLPDNHYLSTQSALSKDPNEKRDHMVLLEFVTAAGITHGMDELYK	238	1	5.638e-01	0	4.979e-01	0	3.714e-01	0	4.155e-01	0	1.993e-01	0	4.117e-01	[40-45)	[40-45)	-
T38N:V61A:Q69M:A154P:T203I:V224I	-	MSKGEELFTGVVPILVELDGDVNGHKFSVSGEGEGDANYGKLTLKFICTTGKLPVPWPTLATTLSYGVMCFSRYPDHMKQHDFFKSAMPEGYVQERTIFFKDDGNYKTRAEVKFEGDTLVNRIELKGIDFKEDGNILGHKLEYNYNSHNVYIMPDKQKNGIKVNFKIRHNIEDGSVQLADHYQQNTPIGDGPVLLPDNHYLSIQSALSKDPNEKRDHMVLLEFITAAGITHGMDELYK	238	1	5.955e-01	1	5.188e-01	0	3.877e-01	0	4.349e-01	0	2.129e-01	0	4.609e-01	[45-50)	[45-50)	-
S30R:Y39H:Q69M:Y145I:V150I:A154P	-	MSKGEELFTGVVPILVELDGDVNGHKFSVRGEGEGDATHGKLTLKFICTTGKLPVPWPTLVTTLSYGVMCFSRYPDHMKQHDFFKSAMPEGYVQERTIFFKDDGNYKTRAEVKFEGDTLVNRIELKGIDFKEDGNILGHKLEYNINSHNIYIMPDKQKNGIKVNFKIRHNIEDGSVQLADHYQQNTPIGDGPVLLPDNHYLSTQSALSKDPNEKRDHMVLLEFVTAAGITHGMDELYK	238	1	5.718e-01	1	5.091e-01	0	3.803e-01	0	4.270e-01	0	2.142e-01	0	4.217e-01	[45-50)	[45-50)	-
G4S:N105C:A154P:T203W:V224I:T225E	-	MSKSEELFTGVVPILVELDGDVNGHKFSVSGEGEGDATYGKLTLKFICTTGKLPVPWPTLVTTLSYGVQCFSRYPDHMKQHDFFKSAMPEGYVQERTIFFKDDGCYKTRAEVKFEGDTLVNRIELKGIDFKEDGNILGHKLEYNYNSHNVYIMPDKQKNGIKVNFKIRHNIEDGSVQLADHYQQNTPIGDGPVLLPDNHYLSWQSALSKDPNEKRDHMVLLEFIEAAGITHGMDELYK	238	0	4.054e-01	0	3.399e-01	0	1.891e-01	0	2.367e-01	0	1.014e-01	0	1.881e-01	<40	<40	-
T38N:V61A:Q69L:Y145F:A154P:T203I	-	MSKGEELFTGVVPILVELDGDVNGHKFSVSGEGEGDANYGKLTLKFICTTGKLPVPWPTLATTLSYGVLCFSRYPDHMKQHDFFKSAMPEGYVQERTIFFKDDGNYKTRAEVKFEGDTLVNRIELKGIDFKEDGNILGHKLEYNFNSHNVYIMPDKQKNGIKVNFKIRHNIEDGSVQLADHYQQNTPIGDGPVLLPDNHYLSIQSALSKDPNEKRDHMVLLEFVTAAGITHGMDELYK	238	1	5.869e-01	1	5.239e-01	0	4.001e-01	0	4.572e-01	0	2.666e-01	0	4.416e-01	[45-50)	[45-50)	-
S30R:Y39H:Q69M:V150I:A154P:K158R	-	MSKGEELFTGVVPILVELDGDVNGHKFSVRGEGEGDATHGKLTLKFICTTGKLPVPWPTLVTTLSYGVMCFSRYPDHMKQHDFFKSAMPEGYVQERTIFFKDDGNYKTRAEVKFEGDTLVNRIELKGIDFKEDGNILGHKLEYNYNSHNIYIMPDKQRNGIKVNFKIRHNIEDGSVQLADHYQQNTPIGDGPVLLPDNHYLSTQSALSKDPNEKRDHMVLLEFVTAAGITHGMDELYK	238	1	5.961e-01	1	5.159e-01	0	3.847e-01	0	4.254e-01	0	2.123e-01	0	4.463e-01	[45-50)	[45-50)	-
Y39H:V61L:S202H:T203H:A206E:T225E	-	MSKGEELFTGVVPILVELDGDVNGHKFSVSGEGEGDATHGKLTLKFICTTGKLPVPWPTLLTTLSYGVQCFSRYPDHMKQHDFFKSAMPEGYVQERTIFFKDDGNYKTRAEVKFEGDTLVNRIELKGIDFKEDGNILGHKLEYNYNSHNVYIMADKQKNGIKVNFKIRHNIEDGSVQLADHYQQNTPIGDGPVLLPDNHYLHHQSELSKDPNEKRDHMVLLEFVEAAGITHGMDELYK	238	1	5.407e-01	0	4.322e-01	0	3.498e-01	0	3.856e-01	0	2.118e-01	0	3.187e-01	[40-45)	[40-45)	-
T38N:Y39H:S202H:T203H:S205T:L220V	-	MSKGEELFTGVVPILVELDGDVNGHKFSVSGEGEGDANHGKLTLKFICTTGKLPVPWPTLVTTLSYGVQCFSRYPDHMKQHDFFKSAMPEGYVQERTIFFKDDGNYKTRAEVKFEGDTLVNRIELKGIDFKEDGNILGHKLEYNYNSHNVYIMADKQKNGIKVNFKIRHNIEDGSVQLADHYQQNTPIGDGPVLLPDNHYLHHQTALSKDPNEKRDHMVVLEFVTAAGITHGMDELYK	238	1	5.474e-01	0	4.873e-01	0	3.315e-01	0	3.712e-01	0	1.589e-01	0	3.764e-01	[40-45)	[40-45)	-
S30R:T38N:Y39H:Q69M:Y145I:A154P	-	MSKGEELFTGVVPILVELDGDVNGHKFSVRGEGEGDANHGKLTLKFICTTGKLPVPWPTLVTTLSYGVMCFSRYPDHMKQHDFFKSAMPEGYVQERTIFFKDDGNYKTRAEVKFEGDTLVNRIELKGIDFKEDGNILGHKLEYNINSHNVYIMPDKQKNGIKVNFKIRHNIEDGSVQLADHYQQNTPIGDGPVLLPDNHYLSTQSALSKDPNEKRDHMVLLEFVTAAGITHGMDELYK	238	1	5.717e-01	1	5.106e-01	0	3.593e-01	0	3.921e-01	0	1.773e-01	0	3.662e-01	[45-50)	[45-50)	-
T38N:Y39H:S205T:A206K:V224I:T225E	-	MSKGEELFTGVVPILVELDGDVNGHKFSVSGEGEGDANHGKLTLKFICTTGKLPVPWPTLVTTLSYGVQCFSRYPDHMKQHDFFKSAMPEGYVQERTIFFKDDGNYKTRAEVKFEGDTLVNRIELKGIDFKEDGNILGHKLEYNYNSHNVYIMADKQKNGIKVNFKIRHNIEDGSVQLADHYQQNTPIGDGPVLLPDNHYLSTQTKLSKDPNEKRDHMVLLEFIEAAGITHGMDELYK	238	1	5.080e-01	0	4.093e-01	0	2.558e-01	0	2.915e-01	0	1.311e-01	0	3.127e-01	[40-45)	[40-45)	-
S30R:Y39H:Y145I:A154P:N198Y:S202H	-	MSKGEELFTGVVPILVELDGDVNGHKFSVRGEGEGDATHGKLTLKFICTTGKLPVPWPTLVTTLSYGVQCFSRYPDHMKQHDFFKSAMPEGYVQERTIFFKDDGNYKTRAEVKFEGDTLVNRIELKGIDFKEDGNILGHKLEYNINSHNVYIMPDKQKNGIKVNFKIRHNIEDGSVQLADHYQQNTPIGDGPVLLPDYHYLHTQSALSKDPNEKRDHMVLLEFVTAAGITHGMDELYK	238	1	5.948e-01	1	5.519e-01	0	4.192e-01	0	4.525e-01	0	2.499e-01	1	5.012e-01	[45-50)	65<=	*
S30R:Y39H:L44I:Q69M:Y145I:A154P	-	MSKGEELFTGVVPILVELDGDVNGHKFSVRGEGEGDATHGKLTIKFICTTGKLPVPWPTLVTTLSYGVMCFSRYPDHMKQHDFFKSAMPEGYVQERTIFFKDDGNYKTRAEVKFEGDTLVNRIELKGIDFKEDGNILGHKLEYNINSHNVYIMPDKQKNGIKVNFKIRHNIEDGSVQLADHYQQNTPIGDGPVLLPDNHYLSTQSALSKDPNEKRDHMVLLEFVTAAGITHGMDELYK	238	1	5.520e-01	0	4.896e-01	0	3.561e-01	0	4.104e-01	0	1.989e-01	0	4.123e-01	[40-45)	[40-45)	-
S30R:T38N:Y39H:Y145F:A154P:S202H	-	MSKGEELFTGVVPILVELDGDVNGHKFSVRGEGEGDANHGKLTLKFICTTGKLPVPWPTLVTTLSYGVQCFSRYPDHMKQHDFFKSAMPEGYVQERTIFFKDDGNYKTRAEVKFEGDTLVNRIELKGIDFKEDGNILGHKLEYNFNSHNVYIMPDKQKNGIKVNFKIRHNIEDGSVQLADHYQQNTPIGDGPVLLPDNHYLHTQSALSKDPNEKRDHMVLLEFVTAAGITHGMDELYK	238	1	5.762e-01	1	5.313e-01	0	3.939e-01	0	4.252e-01	0	1.952e-01	0	4.075e-01	[45-50)	[45-50)	-
S30R:T38N:Y39H:V112I:Y145F:A154P	-	MSKGEELFTGVVPILVELDGDVNGHKFSVRGEGEGDANHGKLTLKFICTTGKLPVPWPTLVTTLSYGVQCFSRYPDHMKQHDFFKSAMPEGYVQERTIFFKDDGNYKTRAEIKFEGDTLVNRIELKGIDFKEDGNILGHKLEYNFNSHNVYIMPDKQKNGIKVNFKIRHNIEDGSVQLADHYQQNTPIGDGPVLLPDNHYLSTQSALSKDPNEKRDHMVLLEFVTAAGITHGMDELYK	238	1	5.560e-01	1	5.114e-01	0	3.522e-01	0	3.814e-01	0	1.738e-01	0	3.453e-01	[45-50)	[45-50)	-
S30R:Y39H:V68I:Q69M:Y145I:A154P	-	MSKGEELFTGVVPILVELDGDVNGHKFSVRGEGEGDATHGKLTLKFICTTGKLPVPWPTLVTTLSYGIMCFSRYPDHMKQHDFFKSAMPEGYVQERTIFFKDDGNYKTRAEVKFEGDTLVNRIELKGIDFKEDGNILGHKLEYNINSHNVYIMPDKQKNGIKVNFKIRHNIEDGSVQLADHYQQNTPIGDGPVLLPDNHYLSTQSALSKDPNEKRDHMVLLEFVTAAGITHGMDELYK	238	1	5.786e-01	1	5.072e-01	0	3.846e-01	0	4.249e-01	0	2.018e-01	0	4.240e-01	[45-50)	[45-50)	-
S30R:Y39H:Y145F:A154P:S202H:V224I	-	MSKGEELFTGVVPILVELDGDVNGHKFSVRGEGEGDATHGKLTLKFICTTGKLPVPWPTLVTTLSYGVQCFSRYPDHMKQHDFFKSAMPEGYVQERTIFFKDDGNYKTRAEVKFEGDTLVNRIELKGIDFKEDGNILGHKLEYNFNSHNVYIMPDKQKNGIKVNFKIRHNIEDGSVQLADHYQQNTPIGDGPVLLPDNHYLHTQSALSKDPNEKRDHMVLLEFITAAGITHGMDELYK	238	1	5.785e-01	1	5.434e-01	0	4.198e-01	0	4.622e-01	0	2.656e-01	1	5.269e-01	[45-50)	65<=	*
S30R:Y39H:L44I:Q69L:A154P:K158R	-	MSKGEELFTGVVPILVELDGDVNGHKFSVRGEGEGDATHGKLTIKFICTTGKLPVPWPTLVTTLSYGVLCFSRYPDHMKQHDFFKSAMPEGYVQERTIFFKDDGNYKTRAEVKFEGDTLVNRIELKGIDFKEDGNILGHKLEYNYNSHNVYIMPDKQRNGIKVNFKIRHNIEDGSVQLADHYQQNTPIGDGPVLLPDNHYLSTQSALSKDPNEKRDHMVLLEFVTAAGITHGMDELYK	238	1	5.994e-01	1	5.265e-01	0	3.777e-01	0	4.335e-01	0	2.303e-01	1	5.042e-01	[45-50)	65<=	*
Y39H:V61I:S205T:A206K:V224I:T225E	-	MSKGEELFTGVVPILVELDGDVNGHKFSVSGEGEGDATHGKLTLKFICTTGKLPVPWPTLITTLSYGVQCFSRYPDHMKQHDFFKSAMPEGYVQERTIFFKDDGNYKTRAEVKFEGDTLVNRIELKGIDFKEDGNILGHKLEYNYNSHNVYIMADKQKNGIKVNFKIRHNIEDGSVQLADHYQQNTPIGDGPVLLPDNHYLSTQTKLSKDPNEKRDHMVLLEFIEAAGITHGMDELYK	238	1	5.016e-01	0	4.065e-01	0	2.642e-01	0	2.969e-01	0	1.423e-01	0	3.448e-01	[40-45)	[40-45)	-
S30R:Y39H:Y145F:A154P:V224I	-	MSKGEELFTGVVPILVELDGDVNGHKFSVRGEGEGDATHGKLTLKFICTTGKLPVPWPTLVTTLSYGVQCFSRYPDHMKQHDFFKSAMPEGYVQERTIFFKDDGNYKTRAEVKFEGDTLVNRIELKGIDFKEDGNILGHKLEYNFNSHNVYIMPDKQKNGIKVNFKIRHNIEDGSVQLADHYQQNTPIGDGPVLLPDNHYLSTQSALSKDPNEKRDHMVLLEFITAAGITHGMDELYK	238	1	5.497e-01	1	5.031e-01	0	3.725e-01	0	4.195e-01	0	2.118e-01	0	4.193e-01	[45-50)	[45-50)	-
Y39H:L44M:T108V:A154P:S202H:T225E	-	MSKGEELFTGVVPILVELDGDVNGHKFSVSGEGEGDATHGKLTMKFICTTGKLPVPWPTLVTTLSYGVQCFSRYPDHMKQHDFFKSAMPEGYVQERTIFFKDDGNYKVRAEVKFEGDTLVNRIELKGIDFKEDGNILGHKLEYNYNSHNVYIMPDKQKNGIKVNFKIRHNIEDGSVQLADHYQQNTPIGDGPVLLPDNHYLHTQSALSKDPNEKRDHMVLLEFVEAAGITHGMDELYK	238	1	5.260e-01	0	4.396e-01	0	3.139e-01	0	3.694e-01	0	1.953e-01	0	3.972e-01	[40-45)	[40-45)	-
Y39H:V68I:Q69M:S202H:A206E:T225E	-	MSKGEELFTGVVPILVELDGDVNGHKFSVSGEGEGDATHGKLTLKFICTTGKLPVPWPTLVTTLSYGIMCFSRYPDHMKQHDFFKSAMPEGYVQERTIFFKDDGNYKTRAEVKFEGDTLVNRIELKGIDFKEDGNILGHKLEYNYNSHNVYIMADKQKNGIKVNFKIRHNIEDGSVQLADHYQQNTPIGDGPVLLPDNHYLHTQSELSKDPNEKRDHMVLLEFVEAAGITHGMDELYK	238	1	5.743e-01	0	4.823e-01	0	3.829e-01	0	4.296e-01	0	2.416e-01	1	5.184e-01	[40-45)	65<=	*
G4S:N105C:A154P:T203Y:V224I:T225E	-	MSKSEELFTGVVPILVELDGDVNGHKFSVSGEGEGDATYGKLTLKFICTTGKLPVPWPTLVTTLSYGVQCFSRYPDHMKQHDFFKSAMPEGYVQERTIFFKDDGCYKTRAEVKFEGDTLVNRIELKGIDFKEDGNILGHKLEYNYNSHNVYIMPDKQKNGIKVNFKIRHNIEDGSVQLADHYQQNTPIGDGPVLLPDNHYLSYQSALSKDPNEKRDHMVLLEFIEAAGITHGMDELYK	238	0	4.326e-01	0	3.686e-01	0	2.146e-01	0	2.724e-01	0	1.132e-01	0	2.267e-01	<40	<40	-
Y39H:L44M:K158N:S202H:T203H:S205T	-	MSKGEELFTGVVPILVELDGDVNGHKFSVSGEGEGDATHGKLTMKFICTTGKLPVPWPTLVTTLSYGVQCFSRYPDHMKQHDFFKSAMPEGYVQERTIFFKDDGNYKTRAEVKFEGDTLVNRIELKGIDFKEDGNILGHKLEYNYNSHNVYIMADKQNNGIKVNFKIRHNIEDGSVQLADHYQQNTPIGDGPVLLPDNHYLHHQTALSKDPNEKRDHMVLLEFVTAAGITHGMDELYK	238	1	5.581e-01	1	5.293e-01	0	3.617e-01	0	4.014e-01	0	2.105e-01	0	3.999e-01	[45-50)	[45-50)	-
S30R:Y39H:L44I:Q69M:A154P:T203H	-	MSKGEELFTGVVPILVELDGDVNGHKFSVRGEGEGDATHGKLTIKFICTTGKLPVPWPTLVTTLSYGVMCFSRYPDHMKQHDFFKSAMPEGYVQERTIFFKDDGNYKTRAEVKFEGDTLVNRIELKGIDFKEDGNILGHKLEYNYNSHNVYIMPDKQKNGIKVNFKIRHNIEDGSVQLADHYQQNTPIGDGPVLLPDNHYLSHQSALSKDPNEKRDHMVLLEFVTAAGITHGMDELYK	238	1	5.717e-01	1	5.024e-01	0	3.636e-01	0	4.323e-01	0	1.948e-01	0	4.474e-01	[45-50)	[45-50)	-
Y39H:V68I:Q69L:S202H:A206E:T225E	-	MSKGEELFTGVVPILVELDGDVNGHKFSVSGEGEGDATHGKLTLKFICTTGKLPVPWPTLVTTLSYGILCFSRYPDHMKQHDFFKSAMPEGYVQERTIFFKDDGNYKTRAEVKFEGDTLVNRIELKGIDFKEDGNILGHKLEYNYNSHNVYIMADKQKNGIKVNFKIRHNIEDGSVQLADHYQQNTPIGDGPVLLPDNHYLHTQSELSKDPNEKRDHMVLLEFVEAAGITHGMDELYK	238	1	5.938e-01	1	5.071e-01	0	4.091e-01	0	4.460e-01	0	2.624e-01	1	5.639e-01	[45-50)	65<=	*
S30R:Y39H:V61I:Q69M:A206K:T225E	-	MSKGEELFTGVVPILVELDGDVNGHKFSVRGEGEGDATHGKLTLKFICTTGKLPVPWPTLITTLSYGVMCFSRYPDHMKQHDFFKSAMPEGYVQERTIFFKDDGNYKTRAEVKFEGDTLVNRIELKGIDFKEDGNILGHKLEYNYNSHNVYIMADKQKNGIKVNFKIRHNIEDGSVQLADHYQQNTPIGDGPVLLPDNHYLSTQSKLSKDPNEKRDHMVLLEFVEAAGITHGMDELYK	238	1	5.987e-01	1	5.092e-01	0	3.932e-01	0	4.305e-01	0	2.224e-01	1	5.168e-01	[45-50)	65<=	*
S30R:Y39H:L44I:A154P:S202H:V224I	-	MSKGEELFTGVVPILVELDGDVNGHKFSVRGEGEGDATHGKLTIKFICTTGKLPVPWPTLVTTLSYGVQCFSRYPDHMKQHDFFKSAMPEGYVQERTIFFKDDGNYKTRAEVKFEGDTLVNRIELKGIDFKEDGNILGHKLEYNYNSHNVYIMPDKQKNGIKVNFKIRHNIEDGSVQLADHYQQNTPIGDGPVLLPDNHYLHTQSALSKDPNEKRDHMVLLEFITAAGITHGMDELYK	238	1	5.458e-01	0	4.784e-01	0	3.289e-01	0	3.914e-01	0	1.824e-01	0	4.157e-01	[40-45)	[40-45)	-
S30R:V61I:Q69M:Y145F:A154P:L220V	-	MSKGEELFTGVVPILVELDGDVNGHKFSVRGEGEGDATYGKLTLKFICTTGKLPVPWPTLITTLSYGVMCFSRYPDHMKQHDFFKSAMPEGYVQERTIFFKDDGNYKTRAEVKFEGDTLVNRIELKGIDFKEDGNILGHKLEYNFNSHNVYIMPDKQKNGIKVNFKIRHNIEDGSVQLADHYQQNTPIGDGPVLLPDNHYLSTQSALSKDPNEKRDHMVVLEFVTAAGITHGMDELYK	238	1	5.573e-01	0	4.934e-01	0	3.800e-01	0	4.494e-01	0	2.407e-01	0	3.996e-01	[40-45)	[40-45)	-
S30R:Y39H:L44I:A154P:S202H:T203H	-	MSKGEELFTGVVPILVELDGDVNGHKFSVRGEGEGDATHGKLTIKFICTTGKLPVPWPTLVTTLSYGVQCFSRYPDHMKQHDFFKSAMPEGYVQERTIFFKDDGNYKTRAEVKFEGDTLVNRIELKGIDFKEDGNILGHKLEYNYNSHNVYIMPDKQKNGIKVNFKIRHNIEDGSVQLADHYQQNTPIGDGPVLLPDNHYLHHQSALSKDPNEKRDHMVLLEFVTAAGITHGMDELYK	238	1	5.619e-01	1	5.038e-01	0	3.714e-01	0	4.254e-01	0	2.000e-01	0	4.593e-01	[45-50)	[45-50)	-
S30R:T38N:Y39H:Y145F:A154P:V224I	-	MSKGEELFTGVVPILVELDGDVNGHKFSVRGEGEGDANHGKLTLKFICTTGKLPVPWPTLVTTLSYGVQCFSRYPDHMKQHDFFKSAMPEGYVQERTIFFKDDGNYKTRAEVKFEGDTLVNRIELKGIDFKEDGNILGHKLEYNFNSHNVYIMPDKQKNGIKVNFKIRHNIEDGSVQLADHYQQNTPIGDGPVLLPDNHYLSTQSALSKDPNEKRDHMVLLEFITAAGITHGMDELYK	238	1	5.384e-01	0	4.882e-01	0	3.372e-01	0	3.659e-01	0	1.638e-01	0	3.342e-01	[40-45)	[40-45)	-
S30R:Y39H:Y145F:A154P:K158R:V224I	-	MSKGEELFTGVVPILVELDGDVNGHKFSVRGEGEGDATHGKLTLKFICTTGKLPVPWPTLVTTLSYGVQCFSRYPDHMKQHDFFKSAMPEGYVQERTIFFKDDGNYKTRAEVKFEGDTLVNRIELKGIDFKEDGNILGHKLEYNFNSHNVYIMPDKQRNGIKVNFKIRHNIEDGSVQLADHYQQNTPIGDGPVLLPDNHYLSTQSALSKDPNEKRDHMVLLEFITAAGITHGMDELYK	238	1	5.552e-01	1	5.113e-01	0	3.719e-01	0	4.194e-01	0	2.110e-01	0	4.215e-01	[45-50)	[45-50)	-
S30R:Y39H:Q69M:V112L:Y145I:A154P	-	MSKGEELFTGVVPILVELDGDVNGHKFSVRGEGEGDATHGKLTLKFICTTGKLPVPWPTLVTTLSYGVMCFSRYPDHMKQHDFFKSAMPEGYVQERTIFFKDDGNYKTRAELKFEGDTLVNRIELKGIDFKEDGNILGHKLEYNINSHNVYIMPDKQKNGIKVNFKIRHNIEDGSVQLADHYQQNTPIGDGPVLLPDNHYLSTQSALSKDPNEKRDHMVLLEFVTAAGITHGMDELYK	238	1	5.704e-01	1	5.066e-01	0	3.751e-01	0	4.131e-01	0	2.059e-01	0	4.025e-01	[45-50)	[45-50)	-
